{
    "nc": 1000,
    "hx": -0.006249999999999999,
    "hy": -0.006249999999999999,
    "theta_x": 0.0,
    "theta_y": 0.0,
    "gx": 1,
    "gy": 1,
    "BURNIN": 1000000,
    "MAX_ITER": 200000000,
    "simulation_type": "static",
    "simulation_method": "Landau",
    "store_arrays": false
}