{
    "nc": 1000,
    "hx": 0.0,
    "hy": 0.0,
    "theta_x": -0.010000000000000009,
    "theta_y": -0.010000000000000009,
    "gx": 1,
    "gy": 1,
    "BURNIN": 3000,
    "MAX_ITER": 40000,
    "simulation_type": "static",
    "simulation_method": "Schlogl",
    "store_arrays": false
}